-- phpMyAdmin SQL Dump
-- version 4.6.5.2
-- https://www.phpmyadmin.net/
--
-- Host: 127.0.0.1
-- Generation Time: Oct 09, 2017 at 05:37 PM
-- Server version: 10.1.21-MariaDB
-- PHP Version: 7.1.2

SET SQL_MODE = "NO_AUTO_VALUE_ON_ZERO";
SET time_zone = "+00:00";


/*!40101 SET @OLD_CHARACTER_SET_CLIENT=@@CHARACTER_SET_CLIENT */;
/*!40101 SET @OLD_CHARACTER_SET_RESULTS=@@CHARACTER_SET_RESULTS */;
/*!40101 SET @OLD_COLLATION_CONNECTION=@@COLLATION_CONNECTION */;
/*!40101 SET NAMES utf8mb4 */;

--
-- Database: `shop`
--
CREATE DATABASE IF NOT EXISTS `shop` DEFAULT CHARACTER SET utf8 COLLATE utf8_unicode_ci;
USE `shop`;

-- --------------------------------------------------------

--
-- Table structure for table `admin`
--

DROP TABLE IF EXISTS `admin`;
CREATE TABLE `admin` (
  `id` int(11) NOT NULL,
  `fName` varchar(200) COLLATE utf8_unicode_ci NOT NULL,
  `lName` varchar(200) COLLATE utf8_unicode_ci NOT NULL,
  `email` varchar(200) COLLATE utf8_unicode_ci NOT NULL,
  `username` varchar(200) COLLATE utf8_unicode_ci NOT NULL,
  `password` varchar(200) COLLATE utf8_unicode_ci NOT NULL
) ENGINE=InnoDB DEFAULT CHARSET=utf8 COLLATE=utf8_unicode_ci;

--
-- Dumping data for table `admin`
--

INSERT INTO `admin` (`id`, `fName`, `lName`, `email`, `username`, `password`) VALUES
(1, 'سینا', 'محمدی', 'sina@info.com', 'admin', 'admin'),
(2, 'پریسا', 'رهجو', 'parisa@info.com', 'admin2', 'admin2');

-- --------------------------------------------------------

--
-- Table structure for table `basket`
--

DROP TABLE IF EXISTS `basket`;
CREATE TABLE `basket` (
  `id` int(11) NOT NULL,
  `user_id` int(11) NOT NULL,
  `product_id` int(11) NOT NULL,
  `bought_product_name` varchar(255) COLLATE utf8_unicode_ci NOT NULL,
  `product_price` varchar(255) COLLATE utf8_unicode_ci NOT NULL,
  `product_pic` varchar(255) COLLATE utf8_unicode_ci NOT NULL,
  `number` int(11) NOT NULL,
  `status` tinyint(1) NOT NULL DEFAULT '0'
) ENGINE=InnoDB DEFAULT CHARSET=utf8 COLLATE=utf8_unicode_ci;

--
-- Dumping data for table `basket`
--

INSERT INTO `basket` (`id`, `user_id`, `product_id`, `bought_product_name`, `product_price`, `product_pic`, `number`, `status`) VALUES
(117, 14, 61, 'کيسه خواب کينگ کمپ مدل Protector 370', '325000', '6282798950.35713000 1507545249King-Camp-Protector-370-Sleeping-Bag-148bbc.jpg', 1, 23),
(118, 12, 45, 'Intel Haswell Core i7-4790K CPU', '1800000', '13060641720.68779900 1507542061Computer-Processor-Intel-Core-i7-4790K499227.jpg', 1, 24);

-- --------------------------------------------------------

--
-- Table structure for table `cat`
--

DROP TABLE IF EXISTS `cat`;
CREATE TABLE `cat` (
  `id` int(11) NOT NULL,
  `catName` varchar(200) COLLATE utf8_unicode_ci NOT NULL,
  `adminName` varchar(100) COLLATE utf8_unicode_ci NOT NULL,
  `adminEmail` varchar(200) COLLATE utf8_unicode_ci NOT NULL
) ENGINE=InnoDB DEFAULT CHARSET=utf8 COLLATE=utf8_unicode_ci;

--
-- Dumping data for table `cat`
--

INSERT INTO `cat` (`id`, `catName`, `adminName`, `adminEmail`) VALUES
(13, 'کامپیوتر', 'سینا محمدی', 'sina@info.com'),
(14, 'موبایل', 'سینا محمدی', 'sina@info.com'),
(15, 'لوازم سفر', 'سینا محمدی', 'sina@info.com'),
(16, 'لوازم کودک', 'سینا محمدی', 'sina@info.com'),
(17, 'لوازم صوتی', 'سینا محمدی', 'sina@info.com');

-- --------------------------------------------------------

--
-- Table structure for table `comment`
--

DROP TABLE IF EXISTS `comment`;
CREATE TABLE `comment` (
  `id` int(11) NOT NULL,
  `name` varchar(50) COLLATE utf8_unicode_ci NOT NULL,
  `lastName` varchar(50) COLLATE utf8_unicode_ci NOT NULL,
  `email` varchar(100) COLLATE utf8_unicode_ci NOT NULL,
  `website` varchar(100) COLLATE utf8_unicode_ci NOT NULL,
  `rank` float NOT NULL,
  `comment` text COLLATE utf8_unicode_ci NOT NULL,
  `comment_date` varchar(100) COLLATE utf8_unicode_ci NOT NULL,
  `product_id` int(11) NOT NULL,
  `product_name` varchar(50) COLLATE utf8_unicode_ci NOT NULL,
  `status` tinyint(1) NOT NULL DEFAULT '0',
  `user_id` int(11) NOT NULL
) ENGINE=InnoDB DEFAULT CHARSET=utf8 COLLATE=utf8_unicode_ci;

--
-- Dumping data for table `comment`
--

INSERT INTO `comment` (`id`, `name`, `lastName`, `email`, `website`, `rank`, `comment`, `comment_date`, `product_id`, `product_name`, `status`, `user_id`) VALUES
(17, 'ندا', 'سیف', 'neda@info.com', 'بدون آدرس وب سایت', 5, '<p>این پردازنده خیلی خیلی سریع و البته کمی هم&nbsp;گرونه</p>\r\n', '1507553102', 45, ' Intel Haswell Core i7-4790K CPU ', 1, 14),
(18, 'سامان', 'جاماسبی', 'saman@info.com', 'بدون آدرس وب سایت', 4, '<p>این کیسه خواب عالیه.</p>\r\n\r\n<p>با دوام و گرم و راحته</p>\r\n', '1507553456', 61, ' کيسه خواب کينگ کمپ مدل Protector 370 ', 1, 16),
(19, 'سامان', 'جاماسبی', 'saman@info.com', 'بدون آدرس وب سایت', 4, '<p>این کیسه خواب عالیه.</p>\r\n\r\n<p>با دوام و گرم و راحته</p>\r\n', '1507553512', 61, ' کيسه خواب کينگ کمپ مدل Protector 370 ', 0, 16),
(20, 'سامان', 'جاماسبی', 'saman@info.com', 'بدون آدرس وب سایت', 3, '<p>کیفیتش بد نیست</p>\r\n', '1507553624', 46, ' مانيتور ال جي مدل 22MP58VQ سايز 21.5 اينچ ', 0, 16),
(21, 'سامان', 'جاماسبی', 'saman@info.com', 'بدون آدرس وب سایت', 4, '<p>تین کیبورد بی نظیره</p>\r\n', '1507553737', 49, ' کيبورد بي‌سيم و مجهز به نور پس‌زمينه لاجيتک مدل ک', 1, 16),
(22, 'سامان', 'جاماسبی', 'saman@info.com', 'بدون آدرس وب سایت', 5, '<p>از هر نظر عالی</p>\r\n', '1507553858', 48, ' کيس کامپيوتر گرين مدل Oraman ', 1, 16),
(23, 'سامان', 'جاماسبی', 'saman@info.com', 'بدون آدرس وب سایت', 5, '<p>از هر نظر عالی</p>\r\n', '1507553878', 48, ' کيس کامپيوتر گرين مدل Oraman ', 0, 16),
(24, 'سامان', 'جاماسبی', 'saman@info.com', 'بدون آدرس وب سایت', 5, '<p>از هر نظر عالی</p>\r\n', '1507553886', 48, ' کيس کامپيوتر گرين مدل Oraman ', 0, 16),
(25, 'سامان', 'جاماسبی', 'saman@info.com', 'بدون آدرس وب سایت', 4, '<p>نسبت به قیمتش اصلا خوب نیست</p>\r\n', '1507554127', 57, 'چراغ قوه پليس طرح 1 ', 0, 16),
(26, 'سامان', 'جاماسبی', 'saman@info.com', 'بدون آدرس وب سایت', 3, '<p>چادر خیلی خوبی نیست با این&nbsp;پول میشه چیزای بهتری هم خرید.</p>\r\n', '1507554393', 56, ' چادر 2 نفره اف آي تي تنت مدل Single Roof AT1 ', 1, 16),
(27, 'سامان', 'جاماسبی', 'saman@info.com', 'بدون آدرس وب سایت', 5, '<p>حرف نداره</p>\r\n', '1507554618', 51, ' گوشي موبايل اپل مدل iPhone 8 Plus ظرفيت 64 گيگابا', 0, 16),
(28, 'سارا', 'یزدانی', 'sara@info.com', 'بدون آدرس وب سایت', 4, '<p>صداش خیلی بلنده ولی به همون اندازه شفاف نیست</p>\r\n', '1507554847', 62, ' اسپيکر کريتيو مدل INSPIRE T6300 ', 0, 12),
(29, 'سارا', 'یزدانی', 'sara@info.com', 'بدون آدرس وب سایت', 3, '<p>خوب نیست</p>\r\n', '1507554897', 59, ' فلاسک ترموس مدل Eclipse ظرفيت 1.8 ليتر ', 1, 12),
(30, 'سارا', 'یزدانی', 'sara@info.com', 'بدون آدرس وب سایت', 5, '<p>این اسپیکر فوق العاده با کیفیته به همه پیشنهادش می کنم.</p>\r\n', '1507555132', 65, ' اسپيکر قابل حمل تسکو مدل TS 2372 ', 0, 12),
(31, 'سارا', 'یزدانی', 'sara@info.com', 'بدون آدرس وب سایت', 4, '<p>بازی جالبی</p>\r\n', '1507555313', 68, 'بازي فکري هاسبرو مدل Monopoly Junior ', 1, 12);

-- --------------------------------------------------------

--
-- Table structure for table `forget_password`
--

DROP TABLE IF EXISTS `forget_password`;
CREATE TABLE `forget_password` (
  `id` int(11) NOT NULL,
  `user_id` int(11) NOT NULL,
  `temp_password` varchar(100) COLLATE utf8_unicode_ci NOT NULL,
  `request_time` varchar(255) COLLATE utf8_unicode_ci NOT NULL,
  `rand_token` varchar(255) COLLATE utf8_unicode_ci NOT NULL
) ENGINE=InnoDB DEFAULT CHARSET=utf8 COLLATE=utf8_unicode_ci;

-- --------------------------------------------------------

--
-- Table structure for table `headleaf`
--

DROP TABLE IF EXISTS `headleaf`;
CREATE TABLE `headleaf` (
  `id` int(5) NOT NULL,
  `name` varchar(200) COLLATE utf8_unicode_ci NOT NULL,
  `address` varchar(255) COLLATE utf8_unicode_ci NOT NULL,
  `parent_id` int(5) NOT NULL
) ENGINE=InnoDB DEFAULT CHARSET=utf8 COLLATE=utf8_unicode_ci;

--
-- Dumping data for table `headleaf`
--

INSERT INTO `headleaf` (`id`, `name`, `address`, `parent_id`) VALUES
(1, 'کالای دیجیتال', '#', 0),
(2, 'زیبایی و سلامت', '#', 0),
(3, 'لوازم آشپزخانه', '#', 0),
(4, 'کودک', '#', 0),
(5, 'پوشاک', '#', 0),
(12, 'خریدهای دانلودی', 'by_download.php?page=0', 0),
(13, 'موبایل', '#', 1),
(14, 'تبلت', '#', 1),
(15, 'کرم های کرطوب کننده', '#', 2),
(16, 'کیت لوازم اصلاح صورت', '#', 2),
(17, 'nivea', '#', 16),
(18, 'gillette', '#', 16),
(19, 'خمیر ریش', '#', 17),
(20, 'کف ریش', '#', 17);

-- --------------------------------------------------------

--
-- Table structure for table `news`
--

DROP TABLE IF EXISTS `news`;
CREATE TABLE `news` (
  `id` int(11) NOT NULL,
  `text` text COLLATE utf8_unicode_ci NOT NULL,
  `status` tinyint(1) NOT NULL DEFAULT '0'
) ENGINE=InnoDB DEFAULT CHARSET=utf8 COLLATE=utf8_unicode_ci;

--
-- Dumping data for table `news`
--

INSERT INTO `news` (`id`, `text`, `status`) VALUES
(1, 'جدیدترین کالاها در happy shop', 0),
(52, 'فروش ویژه در happy shop', 1),
(53, 'تازه های تکنولوژی', 1),
(54, 'بررسی پرجم دار جدید سامسونگ', 0),
(55, 'آخرین لپ تاپ مخصوص گیم ASUS', 1),
(56, 'بررسی خودروهای روز', 1);

-- --------------------------------------------------------

--
-- Table structure for table `news_letters`
--

DROP TABLE IF EXISTS `news_letters`;
CREATE TABLE `news_letters` (
  `id` int(11) NOT NULL,
  `email` varchar(100) COLLATE utf8_unicode_ci NOT NULL,
  `status` tinyint(1) NOT NULL DEFAULT '1'
) ENGINE=InnoDB DEFAULT CHARSET=utf8 COLLATE=utf8_unicode_ci;

--
-- Dumping data for table `news_letters`
--

INSERT INTO `news_letters` (`id`, `email`, `status`) VALUES
(2, 'sara@info.com', 1),
(3, 'neda@infon.com', 0),
(4, 'mehran@info.com', 1),
(6, 'saman@info.com', 0),
(7, 'sina@info.com', 1);

-- --------------------------------------------------------

--
-- Table structure for table `payline`
--

DROP TABLE IF EXISTS `payline`;
CREATE TABLE `payline` (
  `id` int(11) NOT NULL,
  `user_id` int(11) NOT NULL,
  `product_id` int(11) NOT NULL,
  `product_name` varchar(100) COLLATE utf8_unicode_ci NOT NULL,
  `price` varchar(100) COLLATE utf8_unicode_ci NOT NULL,
  `number` varchar(200) COLLATE utf8_unicode_ci DEFAULT NULL,
  `status` tinyint(1) NOT NULL DEFAULT '0',
  `tracking_code` varchar(100) COLLATE utf8_unicode_ci NOT NULL DEFAULT '0'
) ENGINE=InnoDB DEFAULT CHARSET=utf8 COLLATE=utf8_unicode_ci;

--
-- Dumping data for table `payline`
--

INSERT INTO `payline` (`id`, `user_id`, `product_id`, `product_name`, `price`, `number`, `status`, `tracking_code`) VALUES
(97, 16, 11, 'آموزش AVR', '640000', '3', 56, '56-503710-1506870999'),
(98, 16, 2, 'آموزش برنامه نویسی PHP', '45000', '1', 56, '56-503710-1506870999'),
(100, 14, 11, 'آموزش AVR', '160000', '1', 53, '53-887284-1506869596'),
(107, 14, 11, 'آموزش AVR', '160000', '1', 0, '0'),
(108, 14, 2, 'آموزش برنامه نویسی PHP', '45000', '1', 0, '0'),
(109, 12, 9, 'آموزش Java', '120000', '1', 59, '59-282878-1507555528'),
(110, 12, 2, 'آموزش برنامه نویسی PHP', '45000', '1', 59, '59-282878-1507555528');

-- --------------------------------------------------------

--
-- Table structure for table `pay_download`
--

DROP TABLE IF EXISTS `pay_download`;
CREATE TABLE `pay_download` (
  `id` int(11) NOT NULL,
  `p_name` varchar(200) COLLATE utf8_unicode_ci NOT NULL,
  `download_link` varchar(255) COLLATE utf8_unicode_ci NOT NULL,
  `p_price` varchar(200) COLLATE utf8_unicode_ci NOT NULL,
  `p_short_text` varchar(255) COLLATE utf8_unicode_ci NOT NULL,
  `p_long_text` text COLLATE utf8_unicode_ci NOT NULL,
  `p_available` tinyint(1) NOT NULL DEFAULT '1',
  `status` varchar(255) COLLATE utf8_unicode_ci NOT NULL DEFAULT '0'
) ENGINE=InnoDB DEFAULT CHARSET=utf8 COLLATE=utf8_unicode_ci;

--
-- Dumping data for table `pay_download`
--

INSERT INTO `pay_download` (`id`, `p_name`, `download_link`, `p_price`, `p_short_text`, `p_long_text`, `p_available`, `status`) VALUES
(2, 'آموزش برنامه نویسی PHP', 'http://www.example1.com', '45000', 'یک زبان قدرتمند برای توسعه ی وب', '<p>PHP یک زبان قوی برای برنامه نویسی صفحات وب است که می توان با آن به سرعت یک وب سایت را توسعه داد.</p>\r\n', 1, '0'),
(3, 'آموزش برنامه نویسی ASP.NET', 'http://www.exapmle2.com', '45000', 'زبان asp.net یک زبان شی گرا است.', '<p>یک زبان شی گرا و قوی که یکی از محصولات مایکروسافت است.</p>\r\n', 0, '0'),
(4, 'آموزش CSS3', 'http://www.example3.com', '15000', 'آموزش کامل css', '<p>css یک زبان نشانه گذاری است که می توان به وسیله آن به صفحات سایت زیبایی داد.در این آموزش به طور کامل با آن آشنا&nbsp;می شوید.</p>\r\n', 1, '0'),
(5, 'آموزش HTML5', 'http://www.example4.com', '20000', 'آموزش مبانی HTML5', '<p>در این دوره شما به طور کامل به html5 مسلط می شوید.</p>\r\n', 0, '0'),
(6, 'آموزش GitHub', 'http://www.example5.com', '34000', 'به وسیله github مدیریت و توسعه پروژه بسیار آسان میشود.', '<p>در این آموزش شما با موراد مهم و کاربردی github آشنا می شوید و یاد می گیرید که چگونه به وسیله github پروژه خود را توسعه دهید.</p>\r\n', 1, '0'),
(7, 'آموزش SASS', 'http://www.example6.com', '32000', 'آموزش sass', '<p>دوره کامل و جامع sass.</p>\r\n\r\n<p>بعد از این دروه دیگر با css خداحافظی می کنید.</p>\r\n', 1, '0'),
(8, 'آموزش زبان ++C', 'http://www.example7.com', '90000', 'قدرت زبان ++c را در اختیار بگیرید.', '<p>کامل ترین دوره به زبان فارسی.</p>\r\n\r\n<p>مثالهای متنوع و کاربردی.</p>\r\n\r\n<p>آموزش ترفندهای سودمند این زبان و ... همگی در این پکیج آموزشی در اختیار شما قرار می گیرد.</p>\r\n\r\n<p>&nbsp;</p>\r\n', 0, '0'),
(9, 'آموزش Java', 'http://www.example8.com', '120000', 'آموزش کامل java', '<p>با این دروه به زبان java مسلط می شوید و می توانید پروژه های خود را با این زبان پیاده سازی کنید.</p>\r\n', 1, '0'),
(10, 'آموزش برنامه نویسی Android', 'http://www.example9.com', '200000', 'دروه کامل برنامه نویسی اندروید.', '<p>تسلط حرفه ای به برنامه نوسی android با گذراندن این دوره آموزشی.</p>\r\n\r\n<p>کامل تیرین دوره برای اولین بار در ایران.</p>\r\n', 0, '0'),
(11, 'آموزش AVR', 'http://www.example10.com', '160000', 'آموزش AVR به همراه نرم افزار های مرتبط.', '<p>در این دروه به طور کامل با برنامه نویسی AVR آشنا می شوید و یاد خواهید گرفت که چگونه میکروچیپستها را program کنید.</p>\r\n\r\n<p>به همراه 200 مثال کاربردی و عملی.</p>\r\n', 1, '0');

-- --------------------------------------------------------

--
-- Table structure for table `product`
--

DROP TABLE IF EXISTS `product`;
CREATE TABLE `product` (
  `id` int(11) NOT NULL,
  `product_name` varchar(255) COLLATE utf8_unicode_ci NOT NULL,
  `cat_id` int(11) NOT NULL,
  `cat_name` varchar(200) COLLATE utf8_unicode_ci NOT NULL,
  `available` tinyint(1) NOT NULL,
  `price` varchar(255) COLLATE utf8_unicode_ci NOT NULL,
  `color` varchar(200) COLLATE utf8_unicode_ci NOT NULL,
  `short_text` varchar(255) COLLATE utf8_unicode_ci NOT NULL,
  `description` text COLLATE utf8_unicode_ci NOT NULL,
  `rankPlus` varchar(255) COLLATE utf8_unicode_ci NOT NULL DEFAULT '0',
  `rankMines` varchar(255) COLLATE utf8_unicode_ci NOT NULL DEFAULT '0',
  `pic` varchar(255) COLLATE utf8_unicode_ci NOT NULL
) ENGINE=InnoDB DEFAULT CHARSET=utf8 COLLATE=utf8_unicode_ci;

--
-- Dumping data for table `product`
--

INSERT INTO `product` (`id`, `product_name`, `cat_id`, `cat_name`, `available`, `price`, `color`, `short_text`, `description`, `rankPlus`, `rankMines`, `pic`) VALUES
(45, ' Intel Haswell Core i7-4790K CPU ', 13, 'کامپیوتر', 1, '1800000', '#ffffff', '<h5>Intel Haswell Core i7-4790K CPU</h5>\n', '<p>پردازنده مرکزی Core i7-4790K شرکت اینتل (Intel)، جز چهارمین نسل از پردازنده&zwnj;های این شرکت است که با استفاده از معماری هزول (Haswell) ساخته شده&zwnj;اند. این سری از پردازنده&zwnj;های اینتل با فناوری ساخت (لیتوگرافی) 22 نانومتر تولید شده&zwnj;اند که از نظر مصرف توان کاملا بهینه هستند و بازده بالایی دارند. برای نصب این پردازنده، به مادربردی با سوکت LGA 1150 اینتل نیاز خواهید داشت.</p>\r\n', '19', '0', '13060641720.68779900 1507542061Computer-Processor-Intel-Core-i7-4790K499227.jpg'),
(46, ' مانيتور ال جي مدل 22MP58VQ سايز 21.5 اينچ ', 13, 'کامپیوتر', 1, '580000', '#000000', '<h5>مانيتور ال جي مدل 22MP58VQ سايز 21.5 اينچ</h5>\n', '<p>محصولی که در این قسمت شاهد هستید یکی از مانیتورهای رده&zwnj;ی متوسط و رو به بالای شرکت &laquo;LG&raquo; است. فناوری به&zwnj;کاررفته در صفحه&zwnj;نمایش این مانیتور LED است که نسبت به تکنولوژی LCD مصرف برق کمتری دارد و در برخی موارد کیفیت تصویر بهتری را هم ارائه می&zwnj;دهد. اندازه&zwnj;ی صفحه&zwnj;نمایش هم برابر با 21.5 اینچ است که برخی آن را 22 اینچ می&zwnj;نامند. نقطه&zwnj;ی قوت این محصول وضوح Full-HD آن است که برای تماشای فیلم&zwnj;های باکیفیت و بازی&zwnj;های کامپیوتری بسیار مطلوب است. اگرچه فناوری وضوح تصویر این روزها از Full-HD بالاتر رفته است و اسامی مانند4K&nbsp; در آن&zwnj;ها دیده می&zwnj;شود؛ اما وضوح Full HD همچنان در بازار تکنولوژی حرف اول را می&zwnj;زند و بسیار محبوب است. درگاه&zwnj;های اتصالی این محصول همچنین بسیار متنوع است و در میان&zwnj; آن&zwnj;ها پورت&zwnj;های HDMI و DVI به چشم می&zwnj;خورد. به&zwnj;طورکلی می&zwnj;توان گفت که مدل 22MP58VQ با توجه به ویژگی&zwnj;های خود انتخابی سنجیده برای کاربرانی است که به دنبال خریدن مانیتوری برای استفاده در زمینه&zwnj;های تفریحی مانند پخش فیلم و بازی&zwnj;های کامپیوتری هستند.</p>\r\n', '0', '0', '10939672450.87281600 1507542295LG-22MP58VQ-IPS-Monitor-21,5-Inch.jpg'),
(47, ' مادربرد ايسوس مدل PRIME Z270-A ', 13, 'کامپیوتر', 1, '800000', '#000000', '<h5>مادربرد ايسوس مدل PRIME Z270-A</h5>\n', '<p>مادربرد &laquo;PRIME Z270-A&raquo; محصول شرکت &laquo;ایسوس&raquo; است که از فرم فاکتور ATX بهره می&zwnj;برد. این فرم فاکتور در بسیاری از کیس&zwnj;ها به&zwnj;خوبی پشتیبانی می&zwnj;شود. شرکت ایسوس یک سوکت پردازنده&zwnj;ی 1151 شرکت اینتل را برای این محصول در نظر گرفته است. چیپست ارائه&zwnj;شده روی این مادربرد شرکت ایسوس Intel Z270 است. این مادربرد از نسل 6و7 پردازنده&zwnj;های شرکت اینتل به&zwnj;خوبی سازگار است و می&zwnj;تواند از آن&zwnj;ها پشتیبانی کند.</p>\r\n', '0', '0', '12846942220.08149900 1507542398ASUS-PRIME-Z270-A-Motherboard-56b472.jpg'),
(48, ' کيس کامپيوتر گرين مدل Oraman ', 13, 'کامپیوتر', 1, '87000', '#000000', '<h5>کيس کامپيوتر گرين مدل Oraman</h5>\n', '<p>رکت ایرانی گرین سابقه طولانی در تولید کیس&zwnj;های کامپیوتر دارد و تاکنون محصولات متنوعی را هم ارائه کرده است. محصولات این شرکت از مدل&zwnj;های اقتصادی تا رده&zwnj;بالا و حرفه&zwnj;ای را پوشش می&zwnj;دهند. یکی از کیس&zwnj;های ساخت گرین Oraman نام دارد که جزو محصولات میان&zwnj;رده محسوب می&zwnj;شود. این کیس که اندازه متوسط یا Mid Tower دارد با مادربردهای اندازه microATX و ATX سازگاری داشته و از ترکیب پلاستیک سخت و استیل ضدزنگ ساخته شده است. تمامی بدنه Oraman مشکی رنگ است و ظاهری نسبتا ساده و در عین حال جذاب دارد.</p>\r\n', '0', '0', '3849560440.87259400 1507542474Computer-Case-Green-Oraman488b41.jpg'),
(49, ' کيبورد بي‌سيم و مجهز به نور پس‌زمينه لاجيتک مدل کي 830', 13, 'کامپیوتر', 1, '510000', '#000000', '<h5>کيبورد بي&zwnj;سيم و مجهز به نور پس&zwnj;زمينه لاجيتک مدل کي 830</h5>\n', '<h2>کيبورد بي&zwnj;سيم و مجهز به نور پس&zwnj;زمينه لاجيتک مدل کي 830</h2>\r\n', '0', '0', '4413220750.47012300 1507542567Computer-Keyboard-Logitech-K830-Illuminated-Living-Room-Wireless87960b.jpg'),
(50, ' گوشي موبايل اپل مدل iPhone 7 Plus (Product) Red ظرفيت 128 گيگابايت', 14, 'موبایل', 1, '3429000', '#ffffff', '<h5>گوشي موبايل اپل مدل iPhone 7 Plus (Product) Red ظرفيت 128 گيگابايت</h5>\n', '<p>همان&zwnj;طور که می&zwnj;دانید شرکت &laquo;اپل&raquo; طبق روال هرساله&zwnj;ی خود جدیدترین محصولاتش را در دو نسخه&zwnj;ی مختلف تولید می&zwnj;کند و در اختیار کاربران قرار می&zwnj;دهد. آیفون 7 نیز از این قاعده مستثنی نیست و نسخه&zwnj;ی بزرگ&zwnj;تر آن با مدل &laquo;iPhone 7 Plus&raquo; تولید و روانه بازارهای جهانی شده است. این دو محصول یعنی آیفون 7 و آیفون 7 پلاس با داشتن اشتراکات فراوان در اندازه&zwnj;ی صفحه&zwnj;نمایش،&nbsp;دوربین و میزان رم&nbsp;با هم تفاوت دارند. صفحه&zwnj;نمایش آیفون 7 پلاس از نوع LCD است و در ساخت آن از فناوری IPS بهره گرفته شده است.</p>\r\n', '10', '-3', '8401337870.09194900 1507543298Apple-iPhone-7-Plus-(Product)-Red-128GB-Mobile-Phone-14d767.jpg'),
(51, ' گوشي موبايل اپل مدل iPhone 8 Plus ظرفيت 64 گيگابايت', 14, 'موبایل', 1, '0', '#000000', '<h5>گوشي موبايل اپل مدل iPhone 8 Plus ظرفيت 64 گيگابايت</h5>\n', '<p>انتظارها به سر رسید. کمپانی اپل بار دیگر با معرفی دو محصول بی&zwnj;نظیر و باکیفیت طرفداران را شگفت&zwnj;زده کرد. آیفون ۸ و ۸پلاس رونمایی شدند و به گفته&zwnj;ی اپل نسل جدید آیفون هستند. طراحی آیفون ۸ پلاس در مقایسه با نسل ۷پلاس تغییر چندانی نداشته اما این&zwnj;بار لایه&zwnj;ی نازکی از شیشه بدنه&zwnj;ی آیفون را می&zwnj;پوشاند. آیفون جدید در سه رنگ طلایی، نقره&zwnj;ای و خاکستری که اپل به آن خاکستری فضایی می&zwnj;گوید عرضه شده است. ظرفیت&zwnj;های در نظر گرفته شده برای آن ۶۴ و ۲۵۶ گیگابایت است. این آیفون صفحه&zwnj;نمایش ۵.۵ اینچی Retina HD دارد که با رزولوشن ۱۰۸۰x۱۹۲۰ و قابلیت نمایش ۴۰۱ پیکسل در هر اینچ نمونه&zwnj;ای بی&zwnj;نظیر است که مثل همیشه منحصربه&zwnj;فرد و خاص کمپانی اپل است. مانند آیفون ۷پلاس این آیفون هم گواهی IP67 دارد؛ یعنی در برابر آب و گرد و خاک مقاوم است. تراشه&zwnj;ی جدید و پرقدرت A11 Bionic به همراه پردازنده&zwnj;ی M11 قلب تپنده&zwnj;ی آیفون ۸ هستند که سرعت، دقت و کارایی فوق&zwnj;العاده را در اختیار کاربر قرار می&zwnj;دهد.</p>\r\n', '0', '0', '14821640700.91128200 1507543354Apple-iPhone-8-Plus-64GB-Mobile-Phone-156341.jpg'),
(52, 'گوشي موبايل اپل مدل iPhone SE - ظرفيت 16 گيگابايت ', 14, 'موبایل', 1, '1220000', '#ffffff', '<h5>گوشي موبايل اپل مدل iPhone SE - ظرفيت 16 گيگابايت</h5>\n', '<p>شرکت &laquo;اپل&raquo; در اقدامی جالب و بعد از گذشت سه سال از تولید آخرین گوشی 4اینچی خود، جدیدترین گوشی خود را با قاب قدیمی آخرین آیفون 4اینچی و سخت&zwnj;افزاری معادل با آیفون 6s معرفی کرد. گوشی 4اینچی جدید اپل با نام &laquo;اپل آیفون اس&zwnj;ای&raquo; (Apple iPhone SE) عرضه شده است که به بهترین سنسور دوربین که تاکنون برای محصولات اپل استفاده شده، مجهز است؛ همچنین مجهز به سخت&zwnj;افزاری است که به قول اپل، این گوشی را&nbsp;به قدرتمند&zwnj;ترین گوشی 4اینچی دنیا تبدیل کرده است. اپل باتری این گوشی را با ظرفیت بیشتر اما با همان قاب قبلی و ابعاد آیفون 5، حتی همان نمایشگر و دوربین سلفی، روانه&zwnj;ی بازار کرده است. قوی&zwnj;ترین تراشه&zwnj;ی اختصاصی ساخت اپل، برای آیفون SE در نظر گرفته شده است. این تراشه که A9 نام دارد، از آیفون SE، قدرتمندترین گوشی 4اینچی دنیا را ساخته است. این گوشی به دو گیگابایت رم مجهز شده تا بتواند تمام نیاز&zwnj;های کاربران را پاسخ&zwnj;گو باشد. آیفون SE این&zwnj;بار در سه ظرفیت16، 32 و 128 گیگابایتی عرضه شده و خبری از نسخه&zwnj;های 256 گیگابایتی نیست. البته طبق معمول خبری از امکان استفاده از کارت حافظه&zwnj;ی جانبی برای افزایش این مقدار نیست. آیفون SE، به لطف پردازنده&zwnj;ی جدید می&zwnj;تواند به باند&zwnj;های LTE بیشتری متصل شود؛ همچنین از بلوتوث و Wi-Fi با نسخه&zwnj;های بالاتر با سرعت&zwnj; بیشتر هم سود می&zwnj;برد.</p>\r\n', '0', '0', '4472840660.51200800 1507544061Mobile-Phone-Apple-iPhone-SE675e37.jpg'),
(53, ' گوشي موبايل اپل مدل iPhone 8 ظرفيت 256 گيگابايت ', 14, 'موبایل', 1, '4160000', '#ffffff', '<h5>گوشي موبايل اپل مدل iPhone 8 ظرفيت 256 گيگابايت</h5>\n', '<p>انتظارها به سر رسید. کمپانی اپل بار دیگر با معرفی دو محصول بی&zwnj;نظیر و باکیفیت طرفداران را شگفت&zwnj;زده کرد. آیفون ۸ و ۸پلاس رونمایی شدند و به گفته&zwnj;ی اپل نسل جدید آیفون هستند. طراحی آیفون ۸ در مقایسه با نسل&nbsp; قبلی تغییر چندانی نداشته اما این&zwnj;بار لایه&zwnj;ی نازکی از شیشه بدنه&zwnj;ی آیفون را می&zwnj;پوشاند. آیفون جدید در سه رنگ طلایی، نقره&zwnj;ای و خاکستری که اپل به آن خاکستری فضایی می&zwnj;گوید عرضه شده است. ظرفیت&zwnj;های در نظر گرفته شده برای آن ۶۴ و ۲۵۶ گیگابایت است. این آیفون صفحه&zwnj;نمایش ۴.۷ اینچی Retina HD دارد که با رزولوشن ۷۵۰x۱۳۳۴ و قابلیت نمایش ۳۲۶ پیکسل در هر اینچ نمونه&zwnj;ای بی&zwnj;نظیر است که مثل همیشه منحصربه&zwnj;فرد و خاص کمپانی اپل است. مانند آیفون ۷ این آیفون هم گواهی IP67 دارد؛ یعنی در برابر آب و گرد و خاک مقاوم است. تراشه&zwnj;ی جدید و پرقدرت A11 Bionic به همراه پردازنده&zwnj;ی M11 قلب تپنده&zwnj;ی آیفون ۸ هستند که سرعت، دقت و کارایی فوق&zwnj;العاده را در اختیار کاربر قرار می&zwnj;دهد. دوربین آیفون ۸ با سنسور ۱۲ مگاپیکسلی و دیافراگم ۱.۸ ویژگی&zwnj;های متعدد و بی&zwnj;نظیری دارد که از میان آن&zwnj;ها می&zwnj;توان به فلش چهارتایی LED و لرزشگیر اپتیکال اشاره کرد.</p>\r\n', '0', '0', '7099009580.31463000 1507544108Apple-iPhone-8-256GB-Mobile-Phone-526a32.jpg'),
(54, 'انتظارها به سر رسید. کمپانی اپل بار دیگر با معرفی دو محصول بی‌نظیر و باکیفیت طرفداران را شگفت‌زده کرد. آیفون ۸ و ۸پلاس رونمایی شدند و به گفته‌ی اپل نسل جدید آیفون هستند. طراحی آیفون ۸ در مقایسه با نسل  قبلی تغییر چندانی نداشته اما این‌بار لایه‌ی نازکی از ', 14, 'موبایل', 1, '2800000', '#000000', '<h5>گوشي موبايل اپل مدل iPhone 7 ظرفيت 128 گيگابايت</h5>\n', '<p>شرکت &laquo;اپل&raquo; مطابق رسم هرساله خود در ماه سپتامبر از جدیدترین محصول خود تحت عنوان &laquo;iPhone 7&raquo; رونمایی کرد. این محصول با جدیدترین نسخه&zwnj;ی سیستم&zwnj;عامل اختصاصی اپل یعنی iOS 10 روانه&zwnj;ی بازار شده است. طراحی این محصول و ابعاد آن تا حدودی به نسل قبلی محصولات اپل شباهت دارد و تنها تفاوت این نسل بهره&zwnj;گیری از بدنه&zwnj;ای ضدآب است. البته باید بدانید&nbsp;که این شرکت برای هرچه باریک&zwnj;ترشدن محصول جدید خود، جک 3.5 میلی&zwnj;متری هدفون را از آیفون 7 حذف کرده و برای علاقه&zwnj;مندان به موسیقی که دوست دارند با گوشی موبایل خود به موسیقی گوش دهند، هدفونی با کانکتور&nbsp; لایتنینگ در نظر گرفته است. استفاده از یک نمایشگر 4.7 اینچی با همان مشخصات و رزولوشن 750&times;1334 که در&nbsp;آیفون 6 به&zwnj;کارگرفته&zwnj;شده بود با تراکم پیکسلی 326 پیکسل بر هر اینچ را در اختیار کاربران قرار خواهد داد.</p>\r\n', '0', '0', '13090186820.55985500 1507544317Apple-iPhone-7-Mobile-Phone---128GB.jpg'),
(56, ' چادر 2 نفره اف آي تي تنت مدل Single Roof AT1 ', 15, 'لوازم سفر', 1, '145000', '#8080ff', '<h5>چادر 2 نفره اف آي تي تنت مدل Single Roof AT1</h5>\n', '<p>چادر دونفره&zwnj;ی &laquo;اف آی تی تنت&raquo; مدل &laquo;Single Roof AT1&raquo; به شکلی تولید شده است که می&zwnj;تواند تجربه&zwnj;ای راحت از شب&zwnj;مانی در طبیعت ایجاد کند. ستون&zwnj;بندی این چادر از جنس فایبرگلاس تولید شده و ساختاری مقاوم دارد. باز و بسته&zwnj;کردن این چادر نیز به صورت اتوماتیک است و به ردکردن ستون&zwnj; برای برپاکردن نیازی ندارد. این موضوع باعث می&zwnj;شود تا بتوان به&zwnj;راحتی این چادر را برپا کرده و از آن استفاده کرد. شاید برای جمع&zwnj;کردن چادر در ابتدا با کمی مشکل مواجه شوید؛ ولی پس از چند بار انجام آن، به&zwnj;سادگی روش کار را یاد خواهید گرفت. این چادر به صورت تک&zwnj;لایه تولید شده و برای استفاده در فصول گرم و معتدل مناسب است. جنس بدنه&zwnj;ی چادر از پلی&zwnj;استر &laquo;Oxord 210D&raquo; بوده و روی خود روکشی از جنس پلی&zwnj;اورتان دارد. استفاده از همین روکش باعث می&zwnj;شود که چادر مقاومت بالایی دربرابر نفوذ آب پیدا کند. البته استفاده از درزهای آب&zwnj;بندی&zwnj;شده نیز کمک می&zwnj;کند تا آب سخت&zwnj;تر بتواند به داخل چادر راه پیدا کند. چادر دونفره&zwnj;ی اف آی تی تنت مدل&nbsp;Single Roof AT1 با توجه به طراحی و ساختاری که دارد، گزینه&zwnj;ی خوبی برای لذت&zwnj;بردن از یک سفر طبیعت&zwnj;گردی در فصول معتدل است.</p>\r\n\r\n<p>&nbsp;</p>\r\n\r\n<p>&nbsp;</p>\r\n', '0', '0', '988118960.13683000 1507544776F-I-T-Tent-Single-Roof-AT1-Tent-For-2-Person-625f50.jpg'),
(57, 'چراغ قوه پليس طرح 1 ', 15, 'لوازم سفر', 1, '20000', '#000000', '<h5>چراغ قوه پليس طرح 1</h5>\n', '<p>هنگامی که قصد دارید به سفر، اردو یا دل طبیعت بروید و می&zwnj;خواهید به مدت چند روز در شرایطی زندگی کنید که برق شهری در دسترس نیست، یک چراغ&zwnj;قوه&zwnj; بسیار به کارتان می&zwnj;آید. در کوه&zwnj;نوردی و صعودهای چندروزه نیز، همراه داشتن چراغ&zwnj;قوه ضروری خواهد بود؛ علاوه&zwnj;براین، چراغ&zwnj;قوه از آن دسته ابزارها یا وسایلی است که نیاز به آن در منزل یا محل کار احساس می&zwnj;شود. در مواقعی مثل زمان قطع برق، رفتن به مکان&zwnj;های فاقد نور کافی، سروکارداشتن با نقاط کور مثل موتور اتومبیل و... وجود یک چراغ&zwnj;قوه می&zwnj;تواند بسیار ثمربخش باشد. &laquo;چراغ&zwnj;قوه&zwnj;ی پلیس زوم&zwnj;دار&raquo; یک چراغ&zwnj;قوه&zwnj;ی دستی مناسب برای استفاده&zwnj;ی خانگی و کمپینگ است. اندازه&zwnj;ی این چراغ&zwnj;قوه و وزن آن نیز به گونه&zwnj;ای است که استفاده از آن را راحت&zwnj;تر می&zwnj;سازد. این چراغ&zwnj;قوه نور سفید مهتابی شفافی دارد که توسط یک عدد لامپ SMD ایجاد می&zwnj;شود. انرژی موردنیاز آن را نیز سه عدد باتری از نوع نیم&zwnj;قلمی (AAA) تأمین می&zwnj;کنند.&nbsp;قابلیت زوم این محصول نیز کمک می&zwnj;کند تا شما بتوانید با توجه به فاصله&zwnj;ی اجسام، بهتر آن&zwnj;ها را رصد کنید.</p>\r\n', '0', '0', '5333700820.39572100 1507544848Police-Camping-Flashlight-06f06a.jpg'),
(59, ' فلاسک ترموس مدل Eclipse ظرفيت 1.8 ليتر ', 15, 'لوازم سفر', 1, '95000', '#808000', '<h5>فلاسک ترموس مدل Eclipse ظرفيت 1.8 ليتر</h5>\n', '<p>حس خوب يعني يك ليوان آب ميوه خنك و گوارا يا يك فنجان چاي داغ و تازه. ترموس در سال 1904 تجاري سازي شد. فلاسك اكليپس با توجه به &nbsp;قيمت و گنجايش متناسبش مورد استقبال زيادي قرار گرفته و به لحاظ اينكه عايق اين مدل فلاسك از نوع خلاء شيشه اي بوده، براي افرادي كه تمايل به حمل نوشيدني گرم در محفظه هاي شيشه اي به جاي محفظه هاي استيل دارند انتخاب مناسبي است. ظرفيت 1/8 ليتري و قابليت حفظ دماي بالاي اين فلاسك سبب شده جايگاه ويژه اي در بين وسايل مورد نياز براي مصارف خانگي و سفري به خود اختصاص دهد. اين فلاسك داراي دسته ي ارگونوميك جهت حمل آسان بوده و درب آن به گونه اي طراحي شده كه شامل دو فنجان است. استاپر فلاسك هاي اكليپس كاملاً ضد نشت و از نوع كليدي است كه استفاده سريع و آسان از فلاسك را به همراه دارد. نقطه ضعف فلاسك هاي شيشه اي، همانند فلاسك هاي خلاء استيل، آسيب پذير بودن آن ها در برابر ضربه شديد بوده كه در اثر آن امكان شكستن شيشه و يا از دست دادن عايق بودن وجود دارد.&nbsp;جهت استفاده مناسب حتما اطلاعات درج شده در كاتالوگ محصول را مطالعه نماييد.</p>\r\n', '0', '0', '2338586840.97009200 1507544981Thermos-Eclipse-Flask-1-8-Liter-54acbe.jpg'),
(60, ' مجموعه چکش 17 کاره به همراه کيف', 15, 'لوازم سفر', 1, '22000', '#ac9e53', '<h5>مجموعه چکش 17 کاره به همراه کيف</h5>\n', '<p>در زمان سفر، حمل ابزارهای متعدد نه قابل&zwnj;اجرا و نه منطقی است. در چنین موقعیتی، محصولی مانند مجموعه چکش 17کاره می&zwnj;تواند کار شما را بسیار ساده و آسان کند. این محصول از جنس فولاد ساخته شده است تا طی زمان، کیفیت خود را از دست ندهد و بتوانید برای مدت&zwnj;ها از آن بهره ببرید. این مدل دارای 7 ابزار کاربردی است. برای مثال می&zwnj;توان با استفاده از آچار تخت درنظرگرفته&zwnj;شده برای این محصول، مهره&zwnj; با سایزهای مختلف را باز و بسته کرد. همچنین انبردستی را که برای این محصول طراحی شده، می&zwnj;توان به واسطه&zwnj;ی نوار فلزی فنری که در پشت آن قرار دارد، با یک دست هم به&zwnj;سادگی به کار برد. با کمک این انبردستی می&zwnj;توان سیم&zwnj;های مختلف را قطع کرد. شما می&zwnj;توانید به کمک پیچ&zwnj;گوشتی این محصول، پیچ&zwnj;های چهارسو را باز و بسته کنید. سر دربازکن هم به صورت تخت است و می&zwnj;توان از آن به&zwnj;عنوان یک پیچ&zwnj;گوشتی دوسو استفاده کرد. علاوه&zwnj;بر چکش، یک میخ&zwnj;کش هم در طراحی لحاظ شده است تا بتوان کارهای نجاری را زمان سفر با راحتی بیشتری انجام داد. علاوه&zwnj;بر چکش و میخ&zwnj;کش، تولیدکننده برای این محصول یک اره هم طراحی کرده است تا بتوانید قطعات کوچک چوب را ببرید. این وسیله تنها کاربرد ابزاری و فنی نداشته و یک سوهان ناخن هم دارد. مجموعه&zwnj; چکش 17کاره ساختار محکمی دارد و به همراه یک کیف عرضه شده است تا بتوان آن را با راحتی خیال حمل کرد.</p>\r\n\r\n<p>&nbsp;</p>\r\n\r\n<p>&nbsp;</p>\r\n', '0', '0', '13604956970.19441200 1507545195Camping-Knife-17in10042ee.jpg'),
(61, ' کيسه خواب کينگ کمپ مدل Protector 370 ', 15, 'لوازم سفر', 1, '325000', '#808000', '<h5>کيسه خواب کينگ کمپ مدل Protector 370</h5>\n', '<p>خوابیدن در طبیعت به ملزوماتی مثل چادر، زیرانداز و کیسه&zwnj;خوابی مانند مدل &laquo;Protector 370&raquo; نیاز دارد. نکته&zwnj;ای که این کیسه&zwnj;خواب را به گزینه&zwnj;ای خوب بدل می&zwnj;سازد، به استفاده از پر در ساختار عایق آن بازمی&zwnj;گردد. درواقع پر استفاده&zwnj;شده شامل 70 درصد کرک اردک و 30 درصد ساقه&zwnj;ی پر است. استفاده از کرک باعث می&zwnj;شود هوا داخل کرک محبوس شود و به شکل یک عایق عمل کند؛ بنابراین در عین اینکه گرمای داخل کیسه&zwnj;خواب را حفظ می&zwnj;کند، به سرمای بیرون نیز اجازه&zwnj;ی نفوذ نمی&zwnj;دهد. بهتر است به خاطر داشته باشید که استفاده از کیسه&zwnj;خواب پر در فضای مرطوب مناسب نیست و ممکن است کرک&zwnj;های موجود به هم بچسبند و خاصیت عایق خود را از دست بدهند. همچنین بهتر است هرازچندگاهی کیسه&zwnj;خواب پر خود را به&zwnj;صورت باز قرار دهید تا کرک&zwnj;ها در یک نقطه قرار نگیرند و پخش شوند. کیسه&zwnj;خواب &laquo;کینگ کمپ&raquo; مدل Protector 370 برای استفاده&zwnj; در دمای حدود 8 درجه&zwnj;ی سانتی&zwnj;گراد مناسب است که آن را به انتخاب خوبی برای استفاده در تمامی فصول غیراز زمستان بدل می&zwnj;کند.</p>\r\n', '7', '-1', '6282798950.35713000 1507545249King-Camp-Protector-370-Sleeping-Bag-148bbc.jpg'),
(62, ' اسپيکر کريتيو مدل INSPIRE T6300 ', 17, 'لوازم صوتی', 1, '235000', '#000000', '<h5>اسپيکر کريتيو مدل INSPIRE T6300</h5>\n', '<h2>اسپيکر کريتيو مدل INSPIRE T6300</h2>\r\n', '12', '-2', '9402127530.48813800 1507545587Computer-Speaker-Creative-Inspire-T6300.jpg'),
(63, ' اسپيکر هترون مدل HSP220 ', 17, 'لوازم صوتی', 1, '129000', '#000000', '<h5>اسپيکر هترون مدل HSP220</h5>\n', '<p>يکي از لذت&zwnj;هايي که ما را در زندگي روزمره همراهي مي&zwnj;کند، لذت گوش دادن به موزيک مورد علاقه&zwnj;مان است. گذشته از سبک&zwnj;هاي مختلف کيفيت شنيدن يک آهنگ براي ما از مساله&zwnj;هاي مهم بوده. هم&zwnj;چنين شايد شيوه گوش دادن هم از نکاتي مهم باشد که خيلي از ما به آن توجه ويژه&zwnj;اي داشته باشيم.</p>\r\n', '0', '0', '10115878890.57353300 1507545631Computer-Speaker-Hatron-HSP220a27f30.jpg'),
(64, ' اسپيکر تسکو مدل TS 2172 ', 17, 'لوازم صوتی', 1, '179000', '#000000', '<h5>اسپيکر تسکو مدل TS 2172</h5>\n', '<p>اسپیکر &laquo; TS 2172&raquo; محصولی از شرکت &laquo;تسکو&raquo; است که از سه قسمت شامل یک ساب ووفر و دو بلندگو تشکیل شده است و می تواند صدایی با قدرت و میزان بیس زیاد به کاربر ارایه کند. این اسپیکر از طریق فناوری بلوتوث به تلفن&zwnj;همراه یا پخش&zwnj;کننده&zwnj;ی صوتی شما متصل می&zwnj;شود و شما را در گوش کردن به موسیقی مورد علاقه&zwnj;تان همراهی می&zwnj;کند. یکی از فاکتورهای بسیار مهم در انتخاب اسپیکرها میزان قدرت آن&zwnj;ها در تولید صدا است که معمولا با نام توان خروجی ارایه می&zwnj;شود. حداکثر توان خروجی TS 2172 برابر با 20 وات است که برای یک اسپیکر خانگی بسیار مناسب است. فرکانس پاسخ&zwnj;گویی این اسپیکر شرکت تسکو 20 هرتز تا 20 کیلوهرتز است که محدوده&zwnj;ی شنوایی انسان را در بر می&zwnj;گیرد. اگر قصد گوش کردن به موسیقی بدون استفاده از تلفن&zwnj;همراه یا پخش&zwnj;کننده&zwnj;ی صوتی را دارید، اسپیکر TS 2172 انتخاب مناسبی برای شما خولهد بود. این اسپیکر از یک شیار کارت حافظه و یک درگاه USB بهره می&zwnj;برد که می&zwnj;توان فلش&zwnj;مموری و کارت حافظه را به این محصول متصل کرد. برای آن&zwnj;که تجربه&zwnj;ی بهتری هنگام استفاده از این اسپیکر به کاربر ارایه شود، در جعبه&zwnj;ی محصول یک ریموت کنترل مشاهده می&zwnj;شود.</p>\r\n', '0', '0', '2431153380.30150200 1507545668TSCO-TS-2172-Speaker-4652b4.jpg'),
(65, ' اسپيکر قابل حمل تسکو مدل TS 2372 ', 17, 'لوازم صوتی', 1, '119000', '#ff0000', '<h5>اسپيکر قابل حمل تسکو مدل TS 2372</h5>\n', '<p>اسپیکر &laquo;TS 2372&raquo; محصولی از برند ایرانی &laquo;تسکو&raquo; (TSCO) است. این اسپیکر به شکل یک استوانه&zwnj; طراحی شده و روکشی توری&zwnj;شکل، دورتادور آن را پوشانده است.&nbsp;TS 2372&nbsp;یک اسپیکر همراه و قابل&zwnj;حمل محسوب می&zwnj;شود و می&zwnj;توان از آن برای گوش&zwnj;دادن به موسیقی در محیط&zwnj;های بیرون از منزل استفاده کرد. روش&zwnj;های گوناگونی برای اتصال این اسپیکر به دستگاه&zwnj;های صوتی در نظر گرفته شده &zwnj;است که شامل روش&zwnj;های باسیم و بی&zwnj;سیم می&zwnj;شوند. فناوری بلوتوث به&zwnj;عنوان راهکاری استاندارد می&zwnj;تواندTS 2372&nbsp; را به هر گوشی موبایل و تبلت مجهز به بلوتوث وصل کند. جکAUX&nbsp; به&zwnj;عنوان ورودی کابلی اسپیکر صدای خروجی هدفون دستگاه&zwnj;های الکترونیکی را می&zwnj;پذیرد و پس از تقویت، آن را پخش می&zwnj;کند. ورودی&zwnj;های کارت حافظه&zwnj;یmicro SD USB و&nbsp; دیگر راه&zwnj;هایی هستند که می&zwnj;توان از آن&zwnj;ها برای وصل&zwnj;شدن به اسپیکرTS 2372&nbsp; استفاده کرد. پورت&nbsp;USB اسپیکر علاوه&zwnj;بر امکان پخش&zwnj;کردن فایل&zwnj;های صوتی درون فلش&zwnj;مموری، می&zwnj;تواند به&zwnj;عنوان شارژ دستگاه&zwnj;های الکترونیکی هم عمل کند. با استفاده از این پورت و کابل شارژ مخصوص دستگاه خودتان می&zwnj;توانید برای شارژکردن آن&zwnj;ها اقدام کنید. باتری داخلی اسپیکر از نوع شارژی است و 1200 میلی&zwnj;آمپر ساعت ظرفیت دارد. وجود میکروفون در اسپیکر&nbsp;TS 2372 باعث شده پاسخ&zwnj;دادن به تماس&zwnj;های تلفنی به واسطه&zwnj;&zwnj;&lrm;ی آن امکان&zwnj;پذیر شود. این اسپیکر در دو رنگ مشکی و قرمز عرضه شده&zwnj; است</p>\r\n', '0', '0', '8852694050.64524900 1507545723TSCO-TS-2372-Portable-Speaker-774aa3.jpg'),
(66, ' اسپيکر تسکو مدل TS 2182 ', 17, 'لوازم صوتی', 1, '230000', '#000000', '<h5>اسپيکر تسکو مدل TS 2182</h5>\n', '<p>اسپیکر &laquo; TS 2182&raquo; محصولی از شرکت &laquo;تسکو&raquo; است که از طریق فناوری بلوتوث به تلفن&zwnj;همراه یا پخش&zwnj;کننده&zwnj;ی صوتی شما متصل می&zwnj;شود و شما را در گوش کردن به موسیقی مورد علاقه&zwnj;تان همراهی می&zwnj;کند. اگر تلفن&zwnj;همراه یا پخش&zwnj;کننده&zwnj;ی صوتی شما از بلوتوث پشتیبانی نمی&zwnj;کند، جای هیچگونه نگرانی نیست. اسپیکر TS 2182 علاوه&zwnj;بر بلوتوث از جک 3.5 میلی&zwnj;متری صدا هم پشتیبانی می&zwnj;کند که در بسیاری از دستگاه&zwnj;های صوتی به خوبی پشتیبانی می&zwnj;شود. اسپیکر تسکو مدل TS 2182 از سه قسمت شامل یک ساب ووفر و دو بلندگو تشکیل شده است که می&zwnj;&zwnj;تواند صدایی با میزان بیس و قدرت بالا را به کاربر ارایه کند. توان خروجی در اسپیکرها نشان&zwnj;دهنده&zwnj;ی میزان قدرت صدای آن اسپیکر است. حداکثر توان خروجی TS 2182 برابر با 40 وات است که برای یک اسپیکر خانگی بسیار مناسب است. فرکانس پاسخ&zwnj;گویی این اسپیکر شرکت تسکو 20 هرتز تا 20 کیلوهرتز است که محدوده&zwnj;ی شنوایی انسان را در بر می&zwnj;گیرد. اگر قصد گوش کردن به موسیقی بدون استفاده از تلفن&zwnj;همراه یا پخش&zwnj;کننده&zwnj;ی صوتی را دارید، اسپیکر TS 2182انتخاب مناسبی برای شما خولهد بود. این اسپیکر از یک شیار کارت حافظه و یک درگاه USB بهره می&zwnj;برد که می&zwnj;توان فلش&zwnj;مموری و کارت حتافظه را به این محصول متصل کرد.</p>\r\n', '0', '0', '9962498700.18238400 1507545768TSCO-TS-2182-Speaker-f18459.jpg'),
(67, 'تشک بازي جولي بيبي مدل Pooh', 16, 'لوازم کودک', 1, '165000', '#00ff00', '<h5>تشک بازي جولي بيبي مدل Pooh</h5>\n', '<h2>تشک بازي جولي بيبي مدل Pooh</h2>\r\n', '0', '0', '11708184020.14408500 1507546174Play-Gym-Play-Mats-Jolly-Baby-Pooh51b569.jpg'),
(68, 'بازي فکري هاسبرو مدل Monopoly Junior ', 16, 'لوازم کودک', 1, '135000', '#ffffff', '<h5>بازي فکري هاسبرو مدل Monopoly Junior</h5>\n', '<p>بازی فکری &laquo;Monopoly Junior&raquo; توسط برند &laquo;هاسبرو&raquo; برای کودکان بالای پنج سال طراحی شده است. این بازی با حداکثر چهار مهره&nbsp; برای دو تا چهار نفر قابل اجراست. &nbsp;در ابتدا به 5 تا 10 دقیقه زمان جهت آماده&zwnj;سازی صفحه نیاز بوده و با شروع بازی به طور متوسط 1 ساعت طول می&zwnj;انجامد و هدف در بازی تصاحب خانه&zwnj;ها و اموال بیشتر است که با استراتژی مدیریت منابع با مهارت مذاکره باید بدست آید. ای بازی دارای یک صفحه بوده و از چهار مهره&zwnj;ی اصلی برای دو تا چهار بازیکن بهره می&zwnj;برد.هر بازیکن با استفاده از تاس و کارت&zwnj;های بازی شانس&zwnj;هایی را بدست می&zwnj;آورد تا بتواند پول و خانه&zwnj;های بیشتری را بدست آورد. در اصل کلمه&zwnj;ی منوپولی از دو واژه&zwnj;ی منو به معنای تنها و پولی به معنای فروش تشکیل شده است. همانطور که از اسم بازی هم پیداست برنده در بازی به سرمایه&zwnj;داری و انحصارگری در خرید و فروش رسیده و قدرت اقتصادی را در دست می&zwnj;گیرد.</p>\r\n', '0', '0', '7410656400.20436000 1507546249Hasbro-Monopoly-Junior-Intellectual-Game-90e7e5.jpg'),
(69, ' لگو سري Batman مدل The Batmobile 70905 ', 16, 'لوازم کودک', 1, '385000', '#ffff00', '<h5>لگو سري Batman مدل The Batmobile 70905</h5>\n', '<h2>&nbsp;</h2>\r\n\r\n<p>Robin سوار ماشین Batmobile شده و سخت درگیر دنبال&zwnj;کردن Man-Bat و Kabuki Twins است. این مجموعه&zwnj;ی 581تکه در سری &laquo;Batman&raquo; قرار گرفته و شرکت &laquo;لگو&raquo; آن را برای کودکان و نوجوانان 8 تا 14 سال طراحی کرده است. شما می&zwnj;توانید این مجموعه&zwnj;ی ساختنی را با قابلیت&zwnj;های متنوع برای دوستداران شخصیت Batman بخرید و آن&zwnj;ها را خوشحال کنید. ماشین Batmobile یک کابین با قابلیت باز و بسته&zwnj;شدن دارد و می&zwnj;تواند به&zwnj;راحتی&nbsp;شلیک کند. این ماشین با قابلیت تبدیل به دو مدل متنوع به&nbsp;ابعاد 10 &times; 29 &times; 15 سانتی&zwnj;متر ساخته &zwnj;شده است. مدل فوق را با توجه به جدیدترین مدل&zwnj;های بتمن ساخته&zwnj;اند. این اسباب&zwnj;بازی&nbsp;برای افزایش هماهنگی میان چشم و دست بچه&zwnj;ها مناسب است و تمرکز آن&zwnj;ها را بیشتر می&zwnj;کند. کیفیت ساخت و رنگ این تکه&zwnj;ها بسیار خوب و به صورت&nbsp;ثابت است. این تکه&zwnj;ها از جنس ABS ساخته&zwnj; شده&zwnj;اند.</p>\r\n\r\n<p>مدل &laquo;The Batmobile 70905&raquo; در بسته&zwnj;ای به ابعاد 7 &times; 26 &times; 38 سانتی&zwnj;متر قرار دارد. لگو با قدمتی نزدیک به یک قرن، همواره در حال تلاش برای ساخت مجموعه&zwnj;های متنوع و به&zwnj;روز برای کودکان و نوجوانان و حتی بزرگ&zwnj;سالان است که نمونه&zwnj;ی فوق یکی از آن&zwnj;هاست.</p>\r\n', '4', '0', '2462576270.43278600 1507546318Batman-The-Batmobile-70905-Lego-878546.jpg'),
(70, ' عروسک هچيمالز مدل Pengualas 4333 ', 16, 'لوازم کودک', 1, '430000', '#00ffff', '<h5>عروسک هچيمالز مدل Pengualas 4333</h5>\n', '<p>عروسک &laquo;Pengualas 4333&raquo; پنگوئنی زیبا و جذاب است که درون تخمش قرار گرفته و گویی هنوز پا به دنیای امروزی نگذاشته است. این اسباب&zwnj;بازی هیجان&zwnj;انگیز را برند معتبر &laquo;هچیمالز&raquo; طراحی و روانه&zwnj;ی بازار کرده است که با طراحی متفاوتش، نظر کودکان را به سمت خود جلب می&zwnj;کند</p>\r\n', '0', '0', '12220776830.73210200 1507546373SpinMaster-Pengualas-Doll-b9aa26.jpg'),
(71, ' کمد اسباب بازي اجو-پلي مدل KU-1701 ', 16, 'لوازم کودک', 1, '0', '#978868', '<h5>کمد اسباب بازي اجو-پلي مدل KU-1701</h5>\n', '<h2>کمد اسباب بازي اجو-پلي مدل KU-1701</h2>\r\n', '0', '0', '11557065080.27777200 1507546437Wardrobe-Toy-Chest-Eduplay-KU-170188c407.jpg');

-- --------------------------------------------------------

--
-- Table structure for table `users`
--

DROP TABLE IF EXISTS `users`;
CREATE TABLE `users` (
  `id` int(11) NOT NULL,
  `name` varchar(30) COLLATE utf8_unicode_ci NOT NULL,
  `lastName` varchar(30) COLLATE utf8_unicode_ci NOT NULL,
  `email` varchar(100) COLLATE utf8_unicode_ci NOT NULL,
  `password` varchar(255) COLLATE utf8_unicode_ci NOT NULL,
  `cellphone` varchar(50) COLLATE utf8_unicode_ci NOT NULL,
  `landline_phone` varchar(50) COLLATE utf8_unicode_ci NOT NULL,
  `necessary_phone` varchar(50) COLLATE utf8_unicode_ci NOT NULL,
  `postal_code` varchar(50) COLLATE utf8_unicode_ci NOT NULL,
  `address` text COLLATE utf8_unicode_ci NOT NULL,
  `register_date` varchar(100) COLLATE utf8_unicode_ci NOT NULL,
  `last_logged_in` varchar(255) COLLATE utf8_unicode_ci NOT NULL DEFAULT '0'
) ENGINE=InnoDB DEFAULT CHARSET=utf8 COLLATE=utf8_unicode_ci;

--
-- Dumping data for table `users`
--

INSERT INTO `users` (`id`, `name`, `lastName`, `email`, `password`, `cellphone`, `landline_phone`, `necessary_phone`, `postal_code`, `address`, `register_date`, `last_logged_in`) VALUES
(12, 'سارا', 'یزدانی', 'sara@info.com', '333333', '09523235252', '879834753', '094276347278', '64456463464', 'تهران - میدان ونک - پلاک 10', '1505194609', '1507554790'),
(13, 'مهران', 'نقشینه', 'mehran@info.com', '666', '09427346873', '01312316242', '09568363734', '45645456456464564564', 'تهران - شهرک غرب', '1505224274', '1506852607'),
(14, 'ندا', 'سیف', 'neda@info.com', '666', '09727463876', '02423423576', '35456456575', '52345352523523', 'تهران - خیابان ولیعصر - کوچه 16 - پلاک 4', '1505224400', '1507551793'),
(15, 'نفیسه', 'ترکمن', 'nafiseh@info.com', '9999', '09454723424', '07685674237', '09234273452', '4546456457786', 'تهران - خیابان کارگر جنوبی - خیابان ارومیه - کوچه صدف - پلاک 14', '1505224715', '1507278307'),
(16, 'سامان', 'جاماسبی', 'saman@info.com', '4545', '09472365472', '03547653453', '09234572345', '348697760807', 'تهران - خیابان شیخ بهایی - نبش کوچه ایرانیان - پلاک 90', '1505224848', '1507553393');

-- --------------------------------------------------------

--
-- Table structure for table `user_order`
--

DROP TABLE IF EXISTS `user_order`;
CREATE TABLE `user_order` (
  `order_id` int(11) NOT NULL,
  `user_id` int(11) NOT NULL,
  `user_full_name` varchar(100) COLLATE utf8_unicode_ci NOT NULL,
  `user_phone` varchar(50) COLLATE utf8_unicode_ci DEFAULT NULL,
  `user_email` varchar(100) COLLATE utf8_unicode_ci DEFAULT NULL,
  `order_type` varchar(255) COLLATE utf8_unicode_ci NOT NULL,
  `user_postal_code` varchar(150) COLLATE utf8_unicode_ci DEFAULT NULL,
  `address` text COLLATE utf8_unicode_ci,
  `user_points` varchar(255) COLLATE utf8_unicode_ci DEFAULT NULL,
  `date` varchar(255) COLLATE utf8_unicode_ci NOT NULL,
  `status` tinyint(1) NOT NULL DEFAULT '0'
) ENGINE=InnoDB DEFAULT CHARSET=utf8 COLLATE=utf8_unicode_ci;

--
-- Dumping data for table `user_order`
--

INSERT INTO `user_order` (`order_id`, `user_id`, `user_full_name`, `user_phone`, `user_email`, `order_type`, `user_postal_code`, `address`, `user_points`, `date`, `status`) VALUES
(23, 14, 'ندا سیف', '09727463876', 'neda@info.com', 'leading', '52345352523523', 'تهران - خیابان ولیعصر - کوچه 16 - پلاک 4', 'بدون توضیحات', 'دوشنبه ۱۷ مهر ۱۳۹۶  \n  ۲۰ : ۱۰ : ۱۶', 1),
(24, 12, 'سارا یزدانی', '09523235252', 'sara@info.com', 'express', '64456463464', 'تهران - میدان ونک - پلاک 10', 'بدون توضیحات', 'دوشنبه ۱۷ مهر ۱۳۹۶  \n  ۳۶ : ۳۱ : ۱۷', 0);

-- --------------------------------------------------------

--
-- Table structure for table `user_order_links`
--

DROP TABLE IF EXISTS `user_order_links`;
CREATE TABLE `user_order_links` (
  `id` int(11) NOT NULL,
  `user_id` int(11) NOT NULL,
  `user_full_name` varchar(200) COLLATE utf8_unicode_ci NOT NULL,
  `user_email` varchar(200) COLLATE utf8_unicode_ci NOT NULL,
  `date` varchar(200) COLLATE utf8_unicode_ci NOT NULL,
  `status` tinyint(1) NOT NULL DEFAULT '0'
) ENGINE=InnoDB DEFAULT CHARSET=utf8 COLLATE=utf8_unicode_ci;

--
-- Dumping data for table `user_order_links`
--

INSERT INTO `user_order_links` (`id`, `user_id`, `user_full_name`, `user_email`, `date`, `status`) VALUES
(53, 14, 'ندا سیف', 'neda@info.com', '1506869592', 1),
(54, 16, 'سامان جاماسبی', 'saman@info.com', '1506870184', 1),
(55, 16, 'سامان جاماسبی', 'saman@info.com', '1506870954', 1),
(56, 16, 'سامان جاماسبی', 'saman@info.com', '1506870997', 1),
(57, 14, 'ندا سیف', 'neda@info.com', '1507045529', 1),
(58, 14, 'ندا', 'neda@info.com', '1507277235', 0),
(59, 12, 'سارا یزدانی', 'sara@info.com', '1507555493', 1);

--
-- Indexes for dumped tables
--

--
-- Indexes for table `admin`
--
ALTER TABLE `admin`
  ADD PRIMARY KEY (`id`);

--
-- Indexes for table `basket`
--
ALTER TABLE `basket`
  ADD PRIMARY KEY (`id`);

--
-- Indexes for table `cat`
--
ALTER TABLE `cat`
  ADD PRIMARY KEY (`id`);

--
-- Indexes for table `comment`
--
ALTER TABLE `comment`
  ADD PRIMARY KEY (`id`);

--
-- Indexes for table `forget_password`
--
ALTER TABLE `forget_password`
  ADD PRIMARY KEY (`id`);

--
-- Indexes for table `headleaf`
--
ALTER TABLE `headleaf`
  ADD PRIMARY KEY (`id`);

--
-- Indexes for table `news`
--
ALTER TABLE `news`
  ADD PRIMARY KEY (`id`);

--
-- Indexes for table `news_letters`
--
ALTER TABLE `news_letters`
  ADD PRIMARY KEY (`id`);

--
-- Indexes for table `payline`
--
ALTER TABLE `payline`
  ADD PRIMARY KEY (`id`);

--
-- Indexes for table `pay_download`
--
ALTER TABLE `pay_download`
  ADD PRIMARY KEY (`id`);

--
-- Indexes for table `product`
--
ALTER TABLE `product`
  ADD PRIMARY KEY (`id`);

--
-- Indexes for table `users`
--
ALTER TABLE `users`
  ADD PRIMARY KEY (`id`),
  ADD UNIQUE KEY `email` (`email`);

--
-- Indexes for table `user_order`
--
ALTER TABLE `user_order`
  ADD PRIMARY KEY (`order_id`);

--
-- Indexes for table `user_order_links`
--
ALTER TABLE `user_order_links`
  ADD PRIMARY KEY (`id`);

--
-- AUTO_INCREMENT for dumped tables
--

--
-- AUTO_INCREMENT for table `admin`
--
ALTER TABLE `admin`
  MODIFY `id` int(11) NOT NULL AUTO_INCREMENT, AUTO_INCREMENT=3;
--
-- AUTO_INCREMENT for table `basket`
--
ALTER TABLE `basket`
  MODIFY `id` int(11) NOT NULL AUTO_INCREMENT, AUTO_INCREMENT=119;
--
-- AUTO_INCREMENT for table `cat`
--
ALTER TABLE `cat`
  MODIFY `id` int(11) NOT NULL AUTO_INCREMENT, AUTO_INCREMENT=18;
--
-- AUTO_INCREMENT for table `comment`
--
ALTER TABLE `comment`
  MODIFY `id` int(11) NOT NULL AUTO_INCREMENT, AUTO_INCREMENT=32;
--
-- AUTO_INCREMENT for table `forget_password`
--
ALTER TABLE `forget_password`
  MODIFY `id` int(11) NOT NULL AUTO_INCREMENT, AUTO_INCREMENT=4;
--
-- AUTO_INCREMENT for table `headleaf`
--
ALTER TABLE `headleaf`
  MODIFY `id` int(5) NOT NULL AUTO_INCREMENT, AUTO_INCREMENT=23;
--
-- AUTO_INCREMENT for table `news`
--
ALTER TABLE `news`
  MODIFY `id` int(11) NOT NULL AUTO_INCREMENT, AUTO_INCREMENT=57;
--
-- AUTO_INCREMENT for table `news_letters`
--
ALTER TABLE `news_letters`
  MODIFY `id` int(11) NOT NULL AUTO_INCREMENT, AUTO_INCREMENT=8;
--
-- AUTO_INCREMENT for table `payline`
--
ALTER TABLE `payline`
  MODIFY `id` int(11) NOT NULL AUTO_INCREMENT, AUTO_INCREMENT=111;
--
-- AUTO_INCREMENT for table `pay_download`
--
ALTER TABLE `pay_download`
  MODIFY `id` int(11) NOT NULL AUTO_INCREMENT, AUTO_INCREMENT=12;
--
-- AUTO_INCREMENT for table `product`
--
ALTER TABLE `product`
  MODIFY `id` int(11) NOT NULL AUTO_INCREMENT, AUTO_INCREMENT=72;
--
-- AUTO_INCREMENT for table `users`
--
ALTER TABLE `users`
  MODIFY `id` int(11) NOT NULL AUTO_INCREMENT, AUTO_INCREMENT=17;
--
-- AUTO_INCREMENT for table `user_order`
--
ALTER TABLE `user_order`
  MODIFY `order_id` int(11) NOT NULL AUTO_INCREMENT, AUTO_INCREMENT=25;
--
-- AUTO_INCREMENT for table `user_order_links`
--
ALTER TABLE `user_order_links`
  MODIFY `id` int(11) NOT NULL AUTO_INCREMENT, AUTO_INCREMENT=60;
/*!40101 SET CHARACTER_SET_CLIENT=@OLD_CHARACTER_SET_CLIENT */;
/*!40101 SET CHARACTER_SET_RESULTS=@OLD_CHARACTER_SET_RESULTS */;
/*!40101 SET COLLATION_CONNECTION=@OLD_COLLATION_CONNECTION */;
